{
    "model_name": "baseline_logreg",
    "roc_auc": 0.9656627048902374,
    "average_precision": 0.6738331777238141,
    "classification_report": {
        "0": {
            "precision": 0.9992590501728883,
            "recall": 0.9998411325484104,
            "f1-score": 0.9995500066175498,
            "support": 56651.0
        },
        "1": {
            "precision": 0.8548387096774194,
            "recall": 0.5578947368421052,
            "f1-score": 0.6751592356687898,
            "support": 95.0
        },
        "accuracy": 0.9991012582384662,
        "macro avg": {
            "precision": 0.9270488799251538,
            "recall": 0.7788679346952578,
            "f1-score": 0.8373546211431697,
            "support": 56746.0
        },
        "weighted avg": {
            "precision": 0.9990172722088544,
            "recall": 0.9991012582384662,
            "f1-score": 0.9990069353307607,
            "support": 56746.0
        }
    }
}