{
    "roc_auc": 0.9335404494183687,
    "classification_report": {
        "0": {
            "precision": 0.9995764058032405,
            "recall": 0.9996999170358863,
            "f1-score": 0.9996381576044268,
            "support": 56651.0
        },
        "1": {
            "precision": 0.8068181818181818,
            "recall": 0.7473684210526316,
            "f1-score": 0.7759562841530054,
            "support": 95.0
        },
        "accuracy": 0.9992774821132767,
        "macro avg": {
            "precision": 0.9031972938107111,
            "recall": 0.873534169044259,
            "f1-score": 0.8877972208787162,
            "support": 56746.0
        },
        "weighted avg": {
            "precision": 0.9992537040924842,
            "recall": 0.9992774821132767,
            "f1-score": 0.999263685783014,
            "support": 56746.0
        }
    }
}